<?xml version="1.0" encoding="UTF-8" standalone="yes"?>
<addon id="plugin.video.collect"
       name="私人珍藏"
       version="1.0.0"
       provider-name="mycollect.cc">
  <requires>
 <import addon="xbmc.python" version="2.1.0"/>
  </requires>
  <extension point="xbmc.python.pluginsource" library="collect.py">
        <provides>video</provides>
  </extension>
  <extension point="xbmc.addon.metadata">
    <summary lang="zh">私人珍藏</summary>
    <description lang="zh">私人珍藏kodi</description>
    <platform>all</platform>
 <language>en</language>
 <disclaimer> report any issues with this addon to mycollect.cc</disclaimer>
  </extension>
</addon>
